subject,run,file,total_rows,count_0,count_1,count_2,count_3,fog_events
01,01,S01R01.csv,151987,59185,85351,2304,5147,18
01,02,S01R02.csv,52095,23294,26614,640,1547,5
02,01,S02R01.csv,72561,46960,20963,1101,3537,9
02,02,S02R02.csv,89645,24684,55015,1874,8072,15
03,01,S03R01.csv,144190,53308,69514,5334,16034,43
03,02,S03R02.csv,38774,22133,13632,703,2306,6
03,03,S03R03.csv,70269,49148,21121,0,0,0
04,01,S04R01.csv,195737,63255,132482,0,0,0
05,01,S05R01.csv,109886,42042,45530,4961,17353,40
05,02,S05R02.csv,100746,34824,49598,3307,13017,26
06,01,S06R01.csv,175707,68184,97830,1280,8413,10
06,02,S06R02.csv,44227,24385,19842,0,0,0
07,01,S07R01.csv,119525,45284,68317,2048,3876,16
07,02,S07R02.csv,50335,21534,26440,1024,1337,8
08,01,S08R01.csv,136589,87305,34633,1792,12859,14
09,01,S09R01.csv,172311,60946,90622,3456,17287,27
10,01,S10R01.csv,193303,50581,142722,0,0,0
